image,blog_title,blog_link,read_more,date
https://3052pp2c52bk3nlmmdz7dwua-wpengine.netdna-ssl.com/wp-content/uploads/2019/01/Go-for-a-Post-Graduate-Degree-205x121.jpg,Should You Go for That Advanced Degree?,https://blog.simplyhired.com/jobsearch/should-you-go-for-that-advanced-degree/,https://blog.simplyhired.com/jobsearch/should-you-go-for-that-advanced-degree/,"January 16, 2019"
https://3052pp2c52bk3nlmmdz7dwua-wpengine.netdna-ssl.com/wp-content/uploads/2014/02/insourcing1-205x121.jpg,Which Jobs Are Insourcing?,https://blog.simplyhired.com/jobsearch/career/jobs-insourcing/,https://blog.simplyhired.com/jobsearch/career/jobs-insourcing/,"January 12, 2019"
https://3052pp2c52bk3nlmmdz7dwua-wpengine.netdna-ssl.com/wp-content/uploads/2014/02/Rules-to-Efficient-Networking-205x121.jpg,11 Rules of Effective Networking,https://blog.simplyhired.com/jobsearch/career/11-rules-effective-networking/,https://blog.simplyhired.com/jobsearch/career/11-rules-effective-networking/,"January 10, 2019"
https://3052pp2c52bk3nlmmdz7dwua-wpengine.netdna-ssl.com/wp-content/uploads/2014/02/Make-the-Most-of-OTR-Trucking-205x121.jpg,Trucking: Making the Most of Your Time on the Road,https://blog.simplyhired.com/jobsearch/career/trucking-making-the-most-of-your-time-on-the-road/,https://blog.simplyhired.com/jobsearch/career/trucking-making-the-most-of-your-time-on-the-road/,"January 4, 2019"
https://3052pp2c52bk3nlmmdz7dwua-wpengine.netdna-ssl.com/wp-content/uploads/2019/01/Holidays-Derail-Job-Search-205x121.jpg,Don’t Let the Holidays Derail Your Job Search,https://blog.simplyhired.com/jobsearch/dont-let-the-holidays-derail-your-job-search/,https://blog.simplyhired.com/jobsearch/dont-let-the-holidays-derail-your-job-search/,"December 15, 2018"
https://3052pp2c52bk3nlmmdz7dwua-wpengine.netdna-ssl.com/wp-content/uploads/2014/02/sh_abbeyroad_640x383edit2-205x121.png,Job Search Tips Inspired by The Beatles,https://blog.simplyhired.com/jobsearch/job-search-tips/job-search-tips-inspired-beatles/,https://blog.simplyhired.com/jobsearch/job-search-tips/job-search-tips-inspired-beatles/,"December 6, 2018"
https://3052pp2c52bk3nlmmdz7dwua-wpengine.netdna-ssl.com/wp-content/uploads/2014/02/companyperks-205x121.jpg,5 Astounding Perks at Jobs You’ve Never Considered,https://blog.simplyhired.com/jobsearch/career/5-astounding-perks-jobs-youve-never-considered/,https://blog.simplyhired.com/jobsearch/career/5-astounding-perks-jobs-youve-never-considered/,"November 16, 2018"
https://3052pp2c52bk3nlmmdz7dwua-wpengine.netdna-ssl.com/wp-content/uploads/2014/01/jobsearchforintroverts-205x121.jpg,Job Searching for Introverts,https://blog.simplyhired.com/jobsearch/job-search-tips/job-searching-introverts/,https://blog.simplyhired.com/jobsearch/job-search-tips/job-searching-introverts/,"November 15, 2018"
https://3052pp2c52bk3nlmmdz7dwua-wpengine.netdna-ssl.com/wp-content/uploads/2013/11/iStock_000026088199_Small-205x121.jpg,Video: Job Seekers and Employers Sing Simply Hired Praises,https://blog.simplyhired.com/recruiters/job-seekers-employers-sing-simply-hired-praises/,https://blog.simplyhired.com/recruiters/job-seekers-employers-sing-simply-hired-praises/,"November 12, 2018"
https://3052pp2c52bk3nlmmdz7dwua-wpengine.netdna-ssl.com/wp-content/uploads/2014/01/Hard-Work-Alone-Doesnt-Work-205x121.jpg,5 Reasons Why Hard Work Alone Won’t Advance Your Career,https://blog.simplyhired.com/jobsearch/job-search-tips/5-reasons-why-hard-work-alone-wont-advance-your-career/,https://blog.simplyhired.com/jobsearch/job-search-tips/5-reasons-why-hard-work-alone-wont-advance-your-career/,"September 24, 2018"
https://3052pp2c52bk3nlmmdz7dwua-wpengine.netdna-ssl.com/wp-content/uploads/2014/01/careersofthefuture-205x121.png,Top 10 Growing Jobs in the Next 10 Years,https://blog.simplyhired.com/jobsearch/career/top-10-growing-jobs-next-10-years/,https://blog.simplyhired.com/jobsearch/career/top-10-growing-jobs-next-10-years/,"September 23, 2018"
https://3052pp2c52bk3nlmmdz7dwua-wpengine.netdna-ssl.com/wp-content/uploads/2014/01/Coverletterdating-205x121.jpg,Cover Letters are Like First Dates: 5 Ways to Behave,https://blog.simplyhired.com/jobsearch/resumes/cover-letters-like-first-dates-behave/,https://blog.simplyhired.com/jobsearch/resumes/cover-letters-like-first-dates-behave/,"September 22, 2018"
https://3052pp2c52bk3nlmmdz7dwua-wpengine.netdna-ssl.com/wp-content/uploads/2014/01/NewJobResolution-205x121.jpg,4 Resolutions for a Better Job,https://blog.simplyhired.com/jobsearch/career/4-resolutions-better-job-2014/,https://blog.simplyhired.com/jobsearch/career/4-resolutions-better-job-2014/,"September 20, 2018"
https://3052pp2c52bk3nlmmdz7dwua-wpengine.netdna-ssl.com/wp-content/uploads/2014/01/LinkedInBackgroundSummary-205x121.png,How To Improve Your LinkedIn Background Summary,https://blog.simplyhired.com/jobsearch/job-search-tips/improve-linkedin-background-summary/,https://blog.simplyhired.com/jobsearch/job-search-tips/improve-linkedin-background-summary/,"September 19, 2018"
https://3052pp2c52bk3nlmmdz7dwua-wpengine.netdna-ssl.com/wp-content/uploads/2014/01/intellegencecareer-205x121.jpg,Intelligence: The No. 1 Predictor of Career Success,https://blog.simplyhired.com/jobsearch/career/intelligence-1-predictor-career-success/,https://blog.simplyhired.com/jobsearch/career/intelligence-1-predictor-career-success/,"September 18, 2018"
https://3052pp2c52bk3nlmmdz7dwua-wpengine.netdna-ssl.com/wp-content/uploads/2013/12/Overwhelmed-205x121.jpg,4 Ways to Avoid Feeling Overwhelmed in Your Job Search,https://blog.simplyhired.com/jobsearch/job-search-tips/4-ways-avoid-feeling-overwhelmed-job-search-2/,https://blog.simplyhired.com/jobsearch/job-search-tips/4-ways-avoid-feeling-overwhelmed-job-search-2/,"September 17, 2018"
https://3052pp2c52bk3nlmmdz7dwua-wpengine.netdna-ssl.com/wp-content/uploads/2013/12/confidentjobseeker-205x121.jpg,Confident Job Seekers Find Jobs Quicker and Make More Money,https://blog.simplyhired.com/jobsearch/job-search-tips/confident-job-seekers-find-jobs-quicker-make-money/,https://blog.simplyhired.com/jobsearch/job-search-tips/confident-job-seekers-find-jobs-quicker-make-money/,"September 16, 2018"
https://3052pp2c52bk3nlmmdz7dwua-wpengine.netdna-ssl.com/wp-content/uploads/2013/12/FutureJobs-205x121.jpg,Top 10 Emerging Careers,https://blog.simplyhired.com/jobsearch/job-search-tips/top-10-emerging-careers/,https://blog.simplyhired.com/jobsearch/job-search-tips/top-10-emerging-careers/,"August 25, 2018"
https://3052pp2c52bk3nlmmdz7dwua-wpengine.netdna-ssl.com/wp-content/uploads/2013/12/iStock_000019495498XSmall-205x121.jpg,Tips for a Successful Job Interview,https://blog.simplyhired.com/jobsearch/job-search-tips/tips-successful-job-interview/,https://blog.simplyhired.com/jobsearch/job-search-tips/tips-successful-job-interview/,"August 24, 2018"
https://3052pp2c52bk3nlmmdz7dwua-wpengine.netdna-ssl.com/wp-content/uploads/2013/12/CareerChange1-205x121.jpg,No Risk No Reward: Tips for a Career Change in Your 20s,https://blog.simplyhired.com/jobsearch/job-search-tips/risk-reward-tips-career-change-in-your-20s/,https://blog.simplyhired.com/jobsearch/job-search-tips/risk-reward-tips-career-change-in-your-20s/,"August 22, 2018"
https://3052pp2c52bk3nlmmdz7dwua-wpengine.netdna-ssl.com/wp-content/uploads/2013/11/Checklist1-205x121.jpg,Checklist: 14 Items to Bring to Your Job Interview,https://blog.simplyhired.com/jobsearch/interviews/checklist-14-items-bring-job-interview/,https://blog.simplyhired.com/jobsearch/interviews/checklist-14-items-bring-job-interview/,"August 19, 2018"
https://3052pp2c52bk3nlmmdz7dwua-wpengine.netdna-ssl.com/wp-content/uploads/2013/11/Jobs-of-the-Future-205x121.jpg,10 Jobs of the Future,https://blog.simplyhired.com/jobsearch/career/10-jobs-future/,https://blog.simplyhired.com/jobsearch/career/10-jobs-future/,"August 18, 2018"
https://3052pp2c52bk3nlmmdz7dwua-wpengine.netdna-ssl.com/wp-content/uploads/2013/11/Power-of-Body-Language-205x121.jpg,The Power of Body Language in a Job Interview,https://blog.simplyhired.com/jobsearch/interviews/power-body-language-job-interview/,https://blog.simplyhired.com/jobsearch/interviews/power-body-language-job-interview/,"August 17, 2018"
https://3052pp2c52bk3nlmmdz7dwua-wpengine.netdna-ssl.com/wp-content/uploads/2013/11/iStock_000023046283Small-205x121.jpg,How To Make The Age of Your Resume Anonymous,https://blog.simplyhired.com/jobsearch/resumes/make-resume-cv-age-anonymous/,https://blog.simplyhired.com/jobsearch/resumes/make-resume-cv-age-anonymous/,"August 16, 2018"
https://3052pp2c52bk3nlmmdz7dwua-wpengine.netdna-ssl.com/wp-content/uploads/2018/09/Promoted-to-Manager-205x121.jpg,So You’ve Been Promoted to Manager…Now What?,https://blog.simplyhired.com/jobsearch/career/so-youve-been-promoted-to-manager-now-what/,https://blog.simplyhired.com/jobsearch/career/so-youve-been-promoted-to-manager-now-what/,"August 15, 2018"
https://3052pp2c52bk3nlmmdz7dwua-wpengine.netdna-ssl.com/wp-content/uploads/2013/11/Interview-Questions1-205x121.jpg,Questions to Ask in a Job Interview,https://blog.simplyhired.com/jobsearch/interviews/questions-ask-job-interview/,https://blog.simplyhired.com/jobsearch/interviews/questions-ask-job-interview/,"August 14, 2018"
https://3052pp2c52bk3nlmmdz7dwua-wpengine.netdna-ssl.com/wp-content/uploads/2014/02/leadershiprole-205x121.jpg,3 Attributes You Need to Succeed in a Leadership Role,https://blog.simplyhired.com/recruiters/3-attributes-need-succeed-leadership-role/,https://blog.simplyhired.com/recruiters/3-attributes-need-succeed-leadership-role/,"August 13, 2018"
https://3052pp2c52bk3nlmmdz7dwua-wpengine.netdna-ssl.com/wp-content/uploads/2013/11/telecommute-205x121.jpg,Looking to Telecommute? There’s a Search Filter for That.,https://blog.simplyhired.com/jobsearch/job-search-tips/looking-telecommuting-jobs-theres-search-filter/,https://blog.simplyhired.com/jobsearch/job-search-tips/looking-telecommuting-jobs-theres-search-filter/,"August 8, 2018"
https://3052pp2c52bk3nlmmdz7dwua-wpengine.netdna-ssl.com/wp-content/uploads/2013/11/Choose-Your-Keywords-Carefully-205x121.jpg,Keywords to Include in Your Resume,https://blog.simplyhired.com/jobsearch/resumes/keywords-include-resume/,https://blog.simplyhired.com/jobsearch/resumes/keywords-include-resume/,"August 7, 2018"
https://3052pp2c52bk3nlmmdz7dwua-wpengine.netdna-ssl.com/wp-content/uploads/2018/08/30-60-90-Plan-205x121.jpg,The Importance of Having a 30-60-90 Plan for Your New Job,https://blog.simplyhired.com/jobsearch/career/the-importance-of-having-a-30-60-90-plan-for-your-new-job/,https://blog.simplyhired.com/jobsearch/career/the-importance-of-having-a-30-60-90-plan-for-your-new-job/,"August 4, 2018"
https://3052pp2c52bk3nlmmdz7dwua-wpengine.netdna-ssl.com/wp-content/uploads/2014/02/aceinterview-205x121.jpg,4 Things To Do After You Ace A Job Interview,https://blog.simplyhired.com/jobsearch/interviews/4-things-ace-job-interview/,https://blog.simplyhired.com/jobsearch/interviews/4-things-ace-job-interview/,"August 2, 2018"
https://3052pp2c52bk3nlmmdz7dwua-wpengine.netdna-ssl.com/wp-content/uploads/2013/10/HiRes-205x121.jpg,Job Searching When You Have a Criminal Record,https://blog.simplyhired.com/jobsearch/job-search-tips/job-searching-criminal-record/,https://blog.simplyhired.com/jobsearch/job-search-tips/job-searching-criminal-record/,"August 1, 2018"
https://3052pp2c52bk3nlmmdz7dwua-wpengine.netdna-ssl.com/wp-content/uploads/2018/06/Rescue-my-Resumes-205x121.jpg,Rescue My Resumes – The Cure for the Common CV,https://blog.simplyhired.com/jobsearch/rescue-my-resumes-the-cure-for-the-common-cv/,https://blog.simplyhired.com/jobsearch/rescue-my-resumes-the-cure-for-the-common-cv/,"July 9, 2018"
https://3052pp2c52bk3nlmmdz7dwua-wpengine.netdna-ssl.com/wp-content/uploads/2013/10/job-interview-where-in-5-years-205x121.jpg,Job Interview Question: Where Do You See Yourself in 5 Years?,https://blog.simplyhired.com/jobsearch/interviews/interview-question-see-5-years/,https://blog.simplyhired.com/jobsearch/interviews/interview-question-see-5-years/,"May 17, 2018"
https://3052pp2c52bk3nlmmdz7dwua-wpengine.netdna-ssl.com/wp-content/uploads/2014/02/manipulativecoworkers-205x121.jpg,Tips For Dealing with Manipulative Co-Workers,https://blog.simplyhired.com/jobsearch/career/tips-dealing-manipulative-co-workers/,https://blog.simplyhired.com/jobsearch/career/tips-dealing-manipulative-co-workers/,"May 16, 2018"
https://3052pp2c52bk3nlmmdz7dwua-wpengine.netdna-ssl.com/wp-content/uploads/2013/10/Mentoring2-205x121.jpg,"How to Find, Approach, and Engage Mentors",https://blog.simplyhired.com/jobsearch/career/find-approach-engage-mentors/,https://blog.simplyhired.com/jobsearch/career/find-approach-engage-mentors/,"May 15, 2018"
https://3052pp2c52bk3nlmmdz7dwua-wpengine.netdna-ssl.com/wp-content/uploads/2013/10/iStock_000011259011Small-205x121.jpg,Preparing Yourself For Job Interview Success,https://blog.simplyhired.com/jobsearch/interviews/preparing-job-interview-success/,https://blog.simplyhired.com/jobsearch/interviews/preparing-job-interview-success/,"May 13, 2018"
https://3052pp2c52bk3nlmmdz7dwua-wpengine.netdna-ssl.com/wp-content/uploads/2013/10/iStock_000001594406Small-205x121.jpg,7 Steps To Creating A Good First Impression in a Job Interview,https://blog.simplyhired.com/jobsearch/interviews/7-steps-creating-good-first-impression-job-interview/,https://blog.simplyhired.com/jobsearch/interviews/7-steps-creating-good-first-impression-job-interview/,"May 8, 2018"
https://3052pp2c52bk3nlmmdz7dwua-wpengine.netdna-ssl.com/wp-content/uploads/2013/10/salary-205x121.jpg,Job Interview Question: What Are Your Salary Requirements?,https://blog.simplyhired.com/jobsearch/interviews/interview-question-salary-requirements/,https://blog.simplyhired.com/jobsearch/interviews/interview-question-salary-requirements/,"May 7, 2018"
https://3052pp2c52bk3nlmmdz7dwua-wpengine.netdna-ssl.com/wp-content/uploads/2013/09/make-resume-searchable-on-google-e1386975867864-205x121.jpg,Help Recruiters Find Your Resume on Google,https://blog.simplyhired.com/jobsearch/resumes/help-recruiters-find-resume-google/,https://blog.simplyhired.com/jobsearch/resumes/help-recruiters-find-resume-google/,"May 6, 2018"
https://3052pp2c52bk3nlmmdz7dwua-wpengine.netdna-ssl.com/wp-content/uploads/2013/09/GateKeeper-205x121.png,Getting Past the Gatekeeper During a Job Search,https://blog.simplyhired.com/jobsearch/job-search-tips/getting-past-gatekeeper-job-search/,https://blog.simplyhired.com/jobsearch/job-search-tips/getting-past-gatekeeper-job-search/,"May 3, 2018"
https://3052pp2c52bk3nlmmdz7dwua-wpengine.netdna-ssl.com/wp-content/uploads/2013/09/SalaryNego-205x121.jpg,Determining Your Worth for a Salary Negotiation,https://blog.simplyhired.com/jobsearch/career/determining-worth-salary-negotiation/,https://blog.simplyhired.com/jobsearch/career/determining-worth-salary-negotiation/,"April 29, 2018"
https://3052pp2c52bk3nlmmdz7dwua-wpengine.netdna-ssl.com/wp-content/uploads/2014/02/chefcareers-205x121.jpg,7 Must Have Skills for a Chef Career,https://blog.simplyhired.com/jobsearch/career/7-must-skills-chef-career/,https://blog.simplyhired.com/jobsearch/career/7-must-skills-chef-career/,"April 28, 2018"
https://3052pp2c52bk3nlmmdz7dwua-wpengine.netdna-ssl.com/wp-content/uploads/2013/08/Show-Your-Skills-on-a-Resume-205x121.jpg,"Show, Don’t Tell: How To Show Your Skills On A Resume",https://blog.simplyhired.com/jobsearch/resumes/show-dont-tell-show-skills-resume/,https://blog.simplyhired.com/jobsearch/resumes/show-dont-tell-show-skills-resume/,"April 25, 2018"
https://3052pp2c52bk3nlmmdz7dwua-wpengine.netdna-ssl.com/wp-content/uploads/2013/08/Questions-to-Ask-in-a-Sales-Interview-205x121.jpg,50 Questions to Ask in a Sales Interview,https://blog.simplyhired.com/jobsearch/interviews/50-questions-ask-sales-interview/,https://blog.simplyhired.com/jobsearch/interviews/50-questions-ask-sales-interview/,"April 24, 2018"
https://3052pp2c52bk3nlmmdz7dwua-wpengine.netdna-ssl.com/wp-content/uploads/2013/08/Company-is-Hiring-205x121.jpeg,Best Practices for Working with a Recruiter,https://blog.simplyhired.com/jobsearch/job-search-tips/best-practices-working-recruiter/,https://blog.simplyhired.com/jobsearch/job-search-tips/best-practices-working-recruiter/,"April 22, 2018"
https://3052pp2c52bk3nlmmdz7dwua-wpengine.netdna-ssl.com/wp-content/uploads/2017/08/Healthcare-Worker-Jobs-No-Degree-205x121.jpeg,4 Healthcare Careers That Don’t Require Medical School,https://blog.simplyhired.com/jobsearch/4-healthcare-careers-dont-require-medical-school-2/,https://blog.simplyhired.com/jobsearch/4-healthcare-careers-dont-require-medical-school-2/,"April 21, 2018"
https://3052pp2c52bk3nlmmdz7dwua-wpengine.netdna-ssl.com/wp-content/uploads/2013/08/Greatest-Accomplishments-205x121.jpg,Job Interview Question: What is Your Greatest Accomplishment?,https://blog.simplyhired.com/jobsearch/interviews/job-interview-question-whats-greatest-career-accomplishment/,https://blog.simplyhired.com/jobsearch/interviews/job-interview-question-whats-greatest-career-accomplishment/,"April 20, 2018"
https://3052pp2c52bk3nlmmdz7dwua-wpengine.netdna-ssl.com/wp-content/uploads/2013/07/resume-on-Google-Docs1-205x121.jpg,A Guide to Posting Your Resume Online With Google Docs,https://blog.simplyhired.com/jobsearch/resumes/guide-posting-resume-online-google-docs/,https://blog.simplyhired.com/jobsearch/resumes/guide-posting-resume-online-google-docs/,"April 19, 2018"
https://3052pp2c52bk3nlmmdz7dwua-wpengine.netdna-ssl.com/wp-content/uploads/2013/07/linkedin-205x121.jpg,Creative Ways to Use LinkedIn in Your Job Search,https://blog.simplyhired.com/jobsearch/job-search-tips/creative-ways-use-linkedin-job-search/,https://blog.simplyhired.com/jobsearch/job-search-tips/creative-ways-use-linkedin-job-search/,"April 18, 2018"
https://3052pp2c52bk3nlmmdz7dwua-wpengine.netdna-ssl.com/wp-content/uploads/2014/02/hireme-205x121.jpg,5 Tips for Finding Work after an Extended Period of Unemployment,https://blog.simplyhired.com/jobsearch/job-search-tips/5-tips-finding-work-extended-period-unemployment/,https://blog.simplyhired.com/jobsearch/job-search-tips/5-tips-finding-work-extended-period-unemployment/,"April 17, 2018"
https://3052pp2c52bk3nlmmdz7dwua-wpengine.netdna-ssl.com/wp-content/uploads/2013/07/Benefits-of-an-Internship-205x121.jpg,8 Career Benefits of an Internship,https://blog.simplyhired.com/jobsearch/job-search-tips/8-career-benefits-internship/,https://blog.simplyhired.com/jobsearch/job-search-tips/8-career-benefits-internship/,"April 16, 2018"
https://3052pp2c52bk3nlmmdz7dwua-wpengine.netdna-ssl.com/wp-content/uploads/2013/07/Employment-Gap-205x121.jpg,4 Ways to Deal With an Employment Gap on Your Resume,https://blog.simplyhired.com/jobsearch/resumes/4-ways-deal-employment-gap-resume/,https://blog.simplyhired.com/jobsearch/resumes/4-ways-deal-employment-gap-resume/,"April 15, 2018"
https://3052pp2c52bk3nlmmdz7dwua-wpengine.netdna-ssl.com/wp-content/uploads/2013/06/Marketing-Yourself-as-a-Freelancer-205x121.jpg,Marketing Yourself as a Freelancer with Social Media,https://blog.simplyhired.com/jobsearch/job-search-tips/marketing-freelancer-social-media/,https://blog.simplyhired.com/jobsearch/job-search-tips/marketing-freelancer-social-media/,"April 13, 2018"
https://3052pp2c52bk3nlmmdz7dwua-wpengine.netdna-ssl.com/wp-content/uploads/2013/06/Get-Coworkers-to-Like-You-205x121.jpg,How to Get Your Coworkers to Like You,https://blog.simplyhired.com/jobsearch/career/get-co-workers-like/,https://blog.simplyhired.com/jobsearch/career/get-co-workers-like/,"April 11, 2018"
https://3052pp2c52bk3nlmmdz7dwua-wpengine.netdna-ssl.com/wp-content/uploads/2013/06/resume-types1-205x121.jpg,The 3 Main Types of Resumes,https://blog.simplyhired.com/jobsearch/resumes/3-main-types-resumes/,https://blog.simplyhired.com/jobsearch/resumes/3-main-types-resumes/,"April 10, 2018"
https://3052pp2c52bk3nlmmdz7dwua-wpengine.netdna-ssl.com/wp-content/uploads/2013/05/Resume-Best-Practices1-205x121.jpg,3 Resume Best Practices,https://blog.simplyhired.com/jobsearch/resumes/3-resume-best-practices/,https://blog.simplyhired.com/jobsearch/resumes/3-resume-best-practices/,"April 8, 2018"
https://3052pp2c52bk3nlmmdz7dwua-wpengine.netdna-ssl.com/wp-content/uploads/2014/02/resumeobjective1-205x121.jpg,3 Reasons Your Resume Objective Isn’t Doing You Any Favors,https://blog.simplyhired.com/jobsearch/resumes/3-reasons-resume-objective-isnt-favors/,https://blog.simplyhired.com/jobsearch/resumes/3-reasons-resume-objective-isnt-favors/,"April 7, 2018"
https://3052pp2c52bk3nlmmdz7dwua-wpengine.netdna-ssl.com/wp-content/uploads/2013/05/Older-Job-Seekers-205x121.jpg,10 Job Search Tips for Older Job Seekers,https://blog.simplyhired.com/jobsearch/job-search-tips/10-job-search-tips-older-job-seekers/,https://blog.simplyhired.com/jobsearch/job-search-tips/10-job-search-tips-older-job-seekers/,"April 6, 2018"
https://3052pp2c52bk3nlmmdz7dwua-wpengine.netdna-ssl.com/wp-content/uploads/2014/04/iStock_000024203103_ExtraSmall1-205x121.jpg,New Grads: How to Succeed in Your New Job,https://blog.simplyhired.com/jobsearch/career/new-grads-succeed-new-job/,https://blog.simplyhired.com/jobsearch/career/new-grads-succeed-new-job/,"April 5, 2018"
https://3052pp2c52bk3nlmmdz7dwua-wpengine.netdna-ssl.com/wp-content/uploads/2014/02/befound-205x121.jpg,How to Get Found by Recruiters on LinkedIn,https://blog.simplyhired.com/jobsearch/job-search-tips/get-found-recruiters-linkedin/,https://blog.simplyhired.com/jobsearch/job-search-tips/get-found-recruiters-linkedin/,"April 4, 2018"
https://3052pp2c52bk3nlmmdz7dwua-wpengine.netdna-ssl.com/wp-content/uploads/2013/05/topcoverlettermistkaes-205x121.jpg,10 Cover Letter Mistakes to Avoid,https://blog.simplyhired.com/jobsearch/resumes/10-cover-letter-mistakes-avoid/,https://blog.simplyhired.com/jobsearch/resumes/10-cover-letter-mistakes-avoid/,"April 3, 2018"
https://3052pp2c52bk3nlmmdz7dwua-wpengine.netdna-ssl.com/wp-content/uploads/2013/04/Not-Write-in-Cover-Letter-205x121.jpg,What You Should Not Write in a Cover Letter,https://blog.simplyhired.com/jobsearch/resumes/shouldnt-write-cover-letter/,https://blog.simplyhired.com/jobsearch/resumes/shouldnt-write-cover-letter/,"April 2, 2018"
https://3052pp2c52bk3nlmmdz7dwua-wpengine.netdna-ssl.com/wp-content/uploads/2014/02/yellingboss-205x121.jpg,How to Deal With a Yelling Boss,https://blog.simplyhired.com/jobsearch/career/deal-yelling-boss/,https://blog.simplyhired.com/jobsearch/career/deal-yelling-boss/,"March 31, 2018"
https://3052pp2c52bk3nlmmdz7dwua-wpengine.netdna-ssl.com/wp-content/uploads/2014/02/potentialcommute-205x121.png,6 Keys to Determining If a Job Commute Will Work,https://blog.simplyhired.com/jobsearch/job-search-tips/6-keys-determining-job-commute-will-work/,https://blog.simplyhired.com/jobsearch/job-search-tips/6-keys-determining-job-commute-will-work/,"March 30, 2018"
https://3052pp2c52bk3nlmmdz7dwua-wpengine.netdna-ssl.com/wp-content/uploads/2014/02/backgroundcheck-205x121.png,The Importance of Honesty in Employment Background Checks,https://blog.simplyhired.com/jobsearch/job-search-tips/importance-honesty-employment-background-checks/,https://blog.simplyhired.com/jobsearch/job-search-tips/importance-honesty-employment-background-checks/,"March 29, 2018"
https://3052pp2c52bk3nlmmdz7dwua-wpengine.netdna-ssl.com/wp-content/uploads/2013/03/Resume-Has-a-Typo-205x121.jpg,"Oh, No! My Resume Has a Typo! What Should I Do?",https://blog.simplyhired.com/jobsearch/resumes/oh-no-my-resume-has-a-typo-what-should-i-do/,https://blog.simplyhired.com/jobsearch/resumes/oh-no-my-resume-has-a-typo-what-should-i-do/,"March 28, 2018"
https://3052pp2c52bk3nlmmdz7dwua-wpengine.netdna-ssl.com/wp-content/uploads/2013/03/Never-Say-to-Your-Boss-205x121.jpg,8 Things To Never Say to Your Boss,https://blog.simplyhired.com/jobsearch/career/8-things-never-say-boss/,https://blog.simplyhired.com/jobsearch/career/8-things-never-say-boss/,"March 27, 2018"
https://3052pp2c52bk3nlmmdz7dwua-wpengine.netdna-ssl.com/wp-content/uploads/2014/02/iStock_000018148574Small-205x121.jpg,Carving Out a Career in Big Data,https://blog.simplyhired.com/jobsearch/career/carving-career-big-data/,https://blog.simplyhired.com/jobsearch/career/carving-career-big-data/,"March 26, 2018"
https://3052pp2c52bk3nlmmdz7dwua-wpengine.netdna-ssl.com/wp-content/uploads/2014/02/salesinterview-205x121.jpg,15 Ways to Describe Yourself in a Sales Interview,https://blog.simplyhired.com/jobsearch/interviews/15-ways-describe-sales-interview/,https://blog.simplyhired.com/jobsearch/interviews/15-ways-describe-sales-interview/,"March 17, 2018"
https://3052pp2c52bk3nlmmdz7dwua-wpengine.netdna-ssl.com/wp-content/uploads/2014/02/Motivated-205x121.jpg,3 Tips for Staying Motivated at Work,https://blog.simplyhired.com/jobsearch/career/3-tips-staying-motivated-work/,https://blog.simplyhired.com/jobsearch/career/3-tips-staying-motivated-work/,"March 16, 2018"
https://3052pp2c52bk3nlmmdz7dwua-wpengine.netdna-ssl.com/wp-content/uploads/2013/02/30-Common-Interview-Questions-205x121.jpeg,Answer the 30 Most Common Job Interview Questions with 3 Stories,https://blog.simplyhired.com/jobsearch/interviews/breakdown-30-common-job-interview-questions-3-career-stories/,https://blog.simplyhired.com/jobsearch/interviews/breakdown-30-common-job-interview-questions-3-career-stories/,"March 15, 2018"
https://3052pp2c52bk3nlmmdz7dwua-wpengine.netdna-ssl.com/wp-content/uploads/2013/02/Bad-Resume-Example-205x121.jpeg,Bad Resume Example,https://blog.simplyhired.com/jobsearch/interviews/bad-resume-example/,https://blog.simplyhired.com/jobsearch/interviews/bad-resume-example/,"March 13, 2018"
https://3052pp2c52bk3nlmmdz7dwua-wpengine.netdna-ssl.com/wp-content/uploads/2013/02/Second-Chance-205x121.jpg,Second Chance Interview from a Rejection Letter,https://blog.simplyhired.com/jobsearch/interviews/turn-a-rejection-letter-into-a-second-chance-interview/,https://blog.simplyhired.com/jobsearch/interviews/turn-a-rejection-letter-into-a-second-chance-interview/,"March 12, 2018"
https://3052pp2c52bk3nlmmdz7dwua-wpengine.netdna-ssl.com/wp-content/uploads/2014/02/resumemistakes-205x121.jpg,Top 20 Resume Writing Mistakes,https://blog.simplyhired.com/jobsearch/resumes/top-20-resume-writing-mistakes/,https://blog.simplyhired.com/jobsearch/resumes/top-20-resume-writing-mistakes/,"February 26, 2018"
https://3052pp2c52bk3nlmmdz7dwua-wpengine.netdna-ssl.com/wp-content/uploads/2013/01/6-Tips-for-Creating-an-Executive-Summary-205x121.jpeg,6 Tips For Creating an Executive Summary,https://blog.simplyhired.com/jobsearch/resumes/6-tips-creating-executive-summary/,https://blog.simplyhired.com/jobsearch/resumes/6-tips-creating-executive-summary/,"February 8, 2018"
https://3052pp2c52bk3nlmmdz7dwua-wpengine.netdna-ssl.com/wp-content/uploads/2013/01/iStock_000014457029Small-205x121.jpg,Sell Yourself with a Resume Objective,https://blog.simplyhired.com/jobsearch/resumes/sell-resume-objective/,https://blog.simplyhired.com/jobsearch/resumes/sell-resume-objective/,"February 4, 2018"
https://3052pp2c52bk3nlmmdz7dwua-wpengine.netdna-ssl.com/wp-content/uploads/2013/01/Career-as-a-Taste-Tester-205x121.jpg,Careers: Taste Tester,https://blog.simplyhired.com/jobsearch/career/careers-taste-tester/,https://blog.simplyhired.com/jobsearch/career/careers-taste-tester/,"February 2, 2018"
https://3052pp2c52bk3nlmmdz7dwua-wpengine.netdna-ssl.com/wp-content/uploads/2013/01/Five-Ways-to-Show-You-Are-a-Leader-205x121.jpeg,5 Ways to Show You are a Leader in a Job Interview,https://blog.simplyhired.com/jobsearch/job-search-tips/5-ways-show-leader-job-interview/,https://blog.simplyhired.com/jobsearch/job-search-tips/5-ways-show-leader-job-interview/,"January 31, 2018"
https://3052pp2c52bk3nlmmdz7dwua-wpengine.netdna-ssl.com/wp-content/uploads/2012/05/Phone-Interview-205x121.jpeg,Preparing for a Phone Interview,https://blog.simplyhired.com/jobsearch/interviews/preparing-phone-interview/,https://blog.simplyhired.com/jobsearch/interviews/preparing-phone-interview/,"January 30, 2018"
https://3052pp2c52bk3nlmmdz7dwua-wpengine.netdna-ssl.com/wp-content/uploads/2012/04/Job-Changes-205x121.jpeg,How Many Job Changes in a Career is Normal?,https://blog.simplyhired.com/jobsearch/career/how-many-job-changes-in-a-career-is-normal/,https://blog.simplyhired.com/jobsearch/career/how-many-job-changes-in-a-career-is-normal/,"January 29, 2018"
https://3052pp2c52bk3nlmmdz7dwua-wpengine.netdna-ssl.com/wp-content/uploads/2012/04/Company-is-Hiring-205x121.jpeg,How to Find Out if a Company is Hiring,https://blog.simplyhired.com/jobsearch/job-search-tips/how-to-find-out-if-a-company-is-hiring/,https://blog.simplyhired.com/jobsearch/job-search-tips/how-to-find-out-if-a-company-is-hiring/,"January 27, 2018"
https://3052pp2c52bk3nlmmdz7dwua-wpengine.netdna-ssl.com/wp-content/uploads/2012/05/Boss-Regret-205x121.jpeg,5 Ways to Make your Boss Regret Hiring You,https://blog.simplyhired.com/jobsearch/career/5-ways-make-boss-regret-hiring/,https://blog.simplyhired.com/jobsearch/career/5-ways-make-boss-regret-hiring/,"January 26, 2018"
https://3052pp2c52bk3nlmmdz7dwua-wpengine.netdna-ssl.com/wp-content/uploads/2012/04/How-Fancy-Resume-205x121.jpeg,How Fancy Does My Resume Need to Be?,https://blog.simplyhired.com/jobsearch/resumes/how-fancy-does-my-resume-need-to-be/,https://blog.simplyhired.com/jobsearch/resumes/how-fancy-does-my-resume-need-to-be/,"January 25, 2018"
https://3052pp2c52bk3nlmmdz7dwua-wpengine.netdna-ssl.com/wp-content/uploads/2012/04/Job-Training-205x121.jpeg,Job Training to Set You Apart From the Competition,https://blog.simplyhired.com/jobsearch/career/training-to-set-you-apart-from-the-competition/,https://blog.simplyhired.com/jobsearch/career/training-to-set-you-apart-from-the-competition/,"January 24, 2018"
https://3052pp2c52bk3nlmmdz7dwua-wpengine.netdna-ssl.com/wp-content/uploads/2012/04/Google-Questions-205x121.jpeg,The Job Interview Questions Google Stopped Asking,https://blog.simplyhired.com/jobsearch/career/the-job-interview-questions-google-stopped-asking/,https://blog.simplyhired.com/jobsearch/career/the-job-interview-questions-google-stopped-asking/,"January 23, 2018"
https://3052pp2c52bk3nlmmdz7dwua-wpengine.netdna-ssl.com/wp-content/uploads/2012/04/How-to-be-Ready-for-a-Career-Change-205x121.jpg,How to be Ready for a Career Change,https://blog.simplyhired.com/jobsearch/career/how-to-be-ready-for-a-career-change/,https://blog.simplyhired.com/jobsearch/career/how-to-be-ready-for-a-career-change/,"January 22, 2018"
https://3052pp2c52bk3nlmmdz7dwua-wpengine.netdna-ssl.com/wp-content/uploads/2012/04/Most-Admired-Professions-205x121.jpeg,Most Admired Professions,https://blog.simplyhired.com/jobsearch/career/most-admired-professions/,https://blog.simplyhired.com/jobsearch/career/most-admired-professions/,"December 14, 2017"
https://3052pp2c52bk3nlmmdz7dwua-wpengine.netdna-ssl.com/wp-content/uploads/2012/03/How-to-Network-Through-Facebook-205x121.jpeg,How to Network Through Facebook to Get a Job,https://blog.simplyhired.com/jobsearch/job-search-tips/how-to-network-through-facebook/,https://blog.simplyhired.com/jobsearch/job-search-tips/how-to-network-through-facebook/,"December 13, 2017"
https://3052pp2c52bk3nlmmdz7dwua-wpengine.netdna-ssl.com/wp-content/uploads/2012/04/iStock_000000312195Small-205x121.jpg,How to Use Personal Business Cards,https://blog.simplyhired.com/jobsearch/job-search-tips/use-personal-business-cards/,https://blog.simplyhired.com/jobsearch/job-search-tips/use-personal-business-cards/,"December 12, 2017"
https://3052pp2c52bk3nlmmdz7dwua-wpengine.netdna-ssl.com/wp-content/uploads/2012/03/Resume-Grammar-Mistakes-205x121.jpeg,Top 7 Resume Grammar Mistakes – And How To Avoid Them,https://blog.simplyhired.com/jobsearch/resumes/top-7-resume-grammatical-errors-avoid-2/,https://blog.simplyhired.com/jobsearch/resumes/top-7-resume-grammatical-errors-avoid-2/,"December 10, 2017"
https://3052pp2c52bk3nlmmdz7dwua-wpengine.netdna-ssl.com/wp-content/uploads/2012/04/Eliminate-Red-Flags-205x121.jpg,How to Eliminate Any Potential Red Flags from Your Resume,https://blog.simplyhired.com/jobsearch/resumes/red-flags-on-your-resume/,https://blog.simplyhired.com/jobsearch/resumes/red-flags-on-your-resume/,"December 9, 2017"
https://3052pp2c52bk3nlmmdz7dwua-wpengine.netdna-ssl.com/wp-content/uploads/2017/11/Commute-Time-Considerations-205x121.jpeg,Commute Time Considerations Before Accepting that New Job,https://blog.simplyhired.com/jobsearch/commute-time-considerations-new-job/,https://blog.simplyhired.com/jobsearch/commute-time-considerations-new-job/,"November 18, 2017"
https://3052pp2c52bk3nlmmdz7dwua-wpengine.netdna-ssl.com/wp-content/uploads/2012/03/Online-Portfolio-205x121.jpeg,How to Use an Online Portfolio to Find a Job,https://blog.simplyhired.com/jobsearch/job-search-tips/using-an-online-portfolio-to-get-a-job/,https://blog.simplyhired.com/jobsearch/job-search-tips/using-an-online-portfolio-to-get-a-job/,"November 16, 2017"
https://3052pp2c52bk3nlmmdz7dwua-wpengine.netdna-ssl.com/wp-content/uploads/2012/03/Leave-Out-of-Resume-205x121.jpeg,What to Leave Out of a Cover Letter,https://blog.simplyhired.com/jobsearch/resumes/what-to-leave-out-of-a-cover-letter/,https://blog.simplyhired.com/jobsearch/resumes/what-to-leave-out-of-a-cover-letter/,"November 15, 2017"
https://3052pp2c52bk3nlmmdz7dwua-wpengine.netdna-ssl.com/wp-content/uploads/2012/03/Second-Interview-101-205x121.jpg,The Second Interview 101: Everything You Need to Know,https://blog.simplyhired.com/jobsearch/interviews/the-second-interview-101/,https://blog.simplyhired.com/jobsearch/interviews/the-second-interview-101/,"November 14, 2017"
https://3052pp2c52bk3nlmmdz7dwua-wpengine.netdna-ssl.com/wp-content/uploads/2012/03/Body-Language-205x121.jpeg,Job Interview Body Language Tips,https://blog.simplyhired.com/jobsearch/interviews/job-interview-body-language-tips/,https://blog.simplyhired.com/jobsearch/interviews/job-interview-body-language-tips/,"November 13, 2017"
https://3052pp2c52bk3nlmmdz7dwua-wpengine.netdna-ssl.com/wp-content/uploads/2012/03/Network-Through-Twitter-205x121.jpeg,How to Network Through Twitter to Get a Job,https://blog.simplyhired.com/jobsearch/job-search-tips/how-to-network-through-twitter-to-get-a-job/,https://blog.simplyhired.com/jobsearch/job-search-tips/how-to-network-through-twitter-to-get-a-job/,"November 12, 2017"
https://3052pp2c52bk3nlmmdz7dwua-wpengine.netdna-ssl.com/wp-content/uploads/2012/03/Top-Ten-Interview-Questions-205x121.jpeg,Top 10 Job Interview Questions,https://blog.simplyhired.com/jobsearch/interviews/top-10-job-interview-questions/,https://blog.simplyhired.com/jobsearch/interviews/top-10-job-interview-questions/,"November 11, 2017"
